Topic,Use,Mixing,
1. Introduction to Python Programming,0,,
2. Python Data Types/Variables,1,1,
3. Python Basic Operators,1,1,
4. Control Structures in Python,1,1,
5. Python Loops,1,1,
6. Python Data Structures: Lists/Tuples,1,1,
7. Python Data Structures: Sets/Frozensets,1,1,
8. Python Data Structures: Dictionaries,1,1,
9. Functions in Python,1,1,
10. Python Built-In Functions,1,1,
11. Understanding Python Scope (Global vs Local),0,,
12. Python Generators/Iterators,1,1,
13. Python List Comprehensions,1,1,
14. Python Lambda Functions,1,1,
15. Python Classes/Objects,1,1,
16. Inheritance/Polymorphism in Python,1,1,
17. Python Decorators,1,1,
18. Python Exception Handling,1,1,
19. File I/O in Python,0,,
20. Recursion in Python,1,1,
21. Introduction to Algorithm Complexity/Big O Notation,1,1,
22. Basic Sorting Algorithms: Bubble - Selection - Insertion Sort,1,1,
23. Advanced Sorting Algorithms: Quick Sort - Merge Sort - Heap Sort,1,1,
24. Searching Algorithms: Linear/Binary Search,1,1,
25. Hashing/Hash Tables,1,1,
26. Data Structures: Stacks/Queues,1,1,
27. Data Structures: Linked Lists,1,1,
28. Data Structures: Trees (Binary Trees - BSTs - Heaps),1,1,
29. Data Structures: Graphs,1,0,
30. Tree Traversal Algorithms: Preorder - Inorder - Postorder,1,0,
31. Graph Algorithms: Breadth-First Search - Depth-First Search,1,0,
32. Graph Algorithms: Dijkstra’s Algorithm - Bellman-Ford Algorithm,1,0,
33. Graph Algorithms: Kruskal’s - Prim's Algorithm,1,0,
34. Dynamic Programming in Python,1,0,
35. Greedy Algorithms in Python,1,1,
36. Backtracking Algorithms in Python,1,0,
37. String Algorithms: Pattern Searching - Palindromes - Anagrams,1,1,
38. Number Theory Algorithms: GCD - Prime Numbers,1,0,
39. Python/Databases,0,,
40. Understanding Python's json module,0,,
41. Python's datetime Module,1,1,
42. Python's math/random Modules,1,1,
43. Python Testing: Unit Tests - DocTests,0,,
44. Python Debugging Techniques,0,,
45. Profiling/Optimizing Python,0,,
46. Concurrency in Python: Multithreading - Multiprocessing - asyncio,1,1,
47. Networking with Python's socket Module,0,,
48. Python Coding Standards (PEP8)/Code Linting,0,,
49. Refactoring Python Code,0,,
50. Understanding the Python GIL,0,,
51. Immutable Data Structures in Python,1,1,
52. Understanding Python Metaclasses,0,,
53. Python's Enumerations (Enum),1,1,
54. Understanding Python's with statement,1,1,
55. Packaging/Distributing Python Applications,0,0,
56. Python's garbage collection/memory management,1,1,
57. Understanding the Python Standard Library,1,1,
58. Understanding __name__/__main__ in Python,0,,
59. A Look into Python's Future: What's new in Python?,0,,
60. Final Project: Implementing a complex algorithm or data structure from scratch,0,,
61. Automated Code Debugging,0,,
62. Email Sorting/Prioritization,1,1,
63. File Organization/Cleanup,1,1,
64. Automated Data Backups,1,1,
65. Personalized News Aggregation,1,1,
66. Social Media Post Scheduling,1,1,
67. Online Privacy Management,1,1,
68. Custom Alarm Setting Based on Schedule,1,1,
69. Travel Planning/Booking,1,1,
70. Online Shopping Price Comparison,1,1,
71. Virtual Meeting Assistant,1,1,
72. Customized Workout Planning,1,1,
73. Personal Budgeting/Expense Tracking,1,1,
74. Automated Recipe Suggestions,1,1,
75. Remote Device Management,1,1,
76. Intelligent Home Security Monitoring,1,1,
77. Automated Pet Feeding Schedules,1,1,
78. Virtual Interior Designing,1,1,
79. Health Appointment Scheduling,1,1,
80. Automated Plant Watering System,1,1,
81. Personalized Learning/Tutoring,1,1,
82. Automated Document Editing/Proofreading,1,1,
83. Customized Music Playlist Creation,1,1,
84. Real-Time Traffic/Route Management,1,1,
85. Virtual Career Coaching,1,1,
86. Automated Bill Payment Reminders,1,1,
87. Dietary Planning/Tracking,1,1,
88. Personalized Product Recommendations,1,1,
89. Automated Stock Market Monitoring,1,1,
90. Weather Forecast/Alerts Customization,1,1,
91. Virtual Language Tutoring,1,1,
92. Automated Event Invitations/RSVPs,1,1,
93. Personalized Skincare Routine Suggestions,1,1,
94. Sleep Pattern Analysis/Suggestions,1,1,
95. Online Learning Resource Aggregation,1,1,
96. Automated Grocery List Creation,1,1,
97. Custom Gift Recommendation/Purchase,1,1,
98. Personalized Relaxation/Meditation Guides,1,1,
99. Local Event Discovery/Suggestions,1,1,
100. Virtual Fashion Stylist/Shopping Assistant,1,1,
101. Home Energy Use Optimization,1,1,
102. Intelligent Car Maintenance Reminders,1,1,
103. Custom Travel Itinerary Builder,1,1,
104. Personal Data Analysis/Insights,1,1,
105. Automated Newsletters/Report Generation,1,1,
106. Virtual Mental Health Support,1,1,
107. Automated Charity/Donation Management,1,1,
108. Personalized Movie/TV Show Recommendations,1,1,
109. Customized Learning Path for Hobbies,1,1,
110. Automated Password Management,1,1,
111. Intelligent Contact Management,1,1,
112. Automated Invoice/Billing Management,1,1,
113. Personalized Fitness Challenge Creation,1,1,
114. Home Repair/Maintenance Scheduling,1,1,
115. Virtual Home Gardening Advisor,1,1,
116. Automated Legal Document Drafting,1,1,
117. Customized Investment Portfolio Management,1,1,
118. Personalized Event Reminder System,1,1,
119. Virtual Cooking Assistant,1,1,
120. Autonomous Computer Navigation/Control,1,1,
121. Personalized Sleep Analysis/Improvement Suggestions,1,1,
,,,
